{
  "hit_rate_at_10": 0.6638265012303021,
  "precision_at_10": 0.06638265012303021,
  "ndcg_at_10": 0.4693240182530359,
  "mrr_at_10": 0.40876647881811223
}
