{
  "hit_rate_at_10": 0.0018192764776713262,
  "precision_at_10": 0.0001819276477671326,
  "ndcg_at_10": 0.0008214525036954949,
  "mrr_at_10": 0.000526617903325929
}
