{
  "hit_rate_at_10": 0.6666666666666666,
  "precision_at_10": 0.06666666666666667,
  "ndcg_at_10": 0.47408231178723603,
  "mrr_at_10": 0.4141073547632759
}
